,channel_name,channel_id,real_state,lat_long,transcript_count,wordcount
463,Rutherford County Government,UCGdwu25OPaVj086VWWKtf1A,Tennessee,"(35.822984, -86.3966562)",1160,8569491
252,CityOfGreenBay,UCd0WTidHx2LPWIJY-xrH9eg,Wisconsin,"(44.5133188, -88.0132958)",656,5520970
34,CalaverasCommunityTV,UCBa_xGTLZoFxsXKD_T506Qw,California,"(38.0696456, -120.5406678)",612,5235882
447,Philadelphia City Council,UC9bXJCRFPLxMhT22nZ7t8XA,Pennsylvania,"(39.9523789, -75.1635996)",836,4702557
364,LNKTV City,UCeRPazmGKkWc28SK3si9xWA,Nebraska,"(40.813616, -96.7025955)",749,4391728
269,CityofPhoenixAZ,UCx7FQNzOFCbtExt_gRub9JQ,Arizona,"(33.4483771, -112.0740373)",1177,4166706
417,NYC Mayor's Office,UClnI1zhyzv_BPb-VSHEtniw,New York,"(40.7133871, -74.00743609999999)",861,3737299
227,"City of Santa Rosa, California",UChF7Zl4VNfZFm-IUdtX6B_A,California,"(38.440429, -122.7140548)",137,3342177
544,WaterlooCommunityTV,UCykjSisg4jbUpxXoEIOqw5A,Iowa,"(42.456671, -92.35013599999999)",348,3254426
455,"Portsmouth, Virginia",UCZLXNtcdwwjECrPg6YrTiYg,Virginia,"(36.8354258, -76.2982742)",491,3167530
293,"Dayton, Ohio - City Government",UC8upHquptA3gqvKO7qXZvIg,Ohio,"(39.75962, -84.194052)",1081,3023258
263,CityofErie,UCQuw9_BuK-LGyRIOygHdkWw,Pennsylvania,"(42.12922409999999, -80.085059)",305,3018053
43,City Channel 4 - Iowa City,UCDfQkGRr6dgTs07YZdCUH_g,Iowa,"(41.6609059, -91.5315148)",695,2972589
186,"City of Murfreesboro, TN - Government",UCbOkz_e8N4rIFiZkmWTkf8g,Tennessee,"(35.844432, -86.393051)",1392,2325008
374,LitchfieldTV,UCghq7fALfNAB53QKWlOyScw,New Hampshire,"(42.84425359999999, -71.4797889)",266,2238768
130,City of Guthrie Oklahoma,UCXgtbXE9AmzOLEYm1wxe6tg,Oklahoma,"(35.878937, -97.42531849999999)",646,2217243
105,City of Delaware,UCdtmsOkpP8rbPbdZlCekIew,Ohio,"(40.2986724, -83.067965)",227,2158926
188,"City of New Ulm, MN",UCe4BSgVG_mRBNvu9HThuxnw,Minnesota,"(44.3144394, -94.45930179999999)",395,2120071
77,City of Boulder,UCAHm_LCXkzWpph_NDqZ0I4Q,Colorado,"(40.0149856, -105.2705456)",851,2104105
219,City of Salida Colorado,UCmmG6TTREbWPiGhQK_Jy1Ig,Colorado,"(38.5347193, -105.9989022)",173,2054832
172,City of Meridian,UCcQl8wZRqYIfxccWrUJBewg,Idaho,"(43.6121087, -116.3915131)",464,2044309
27,CCG TV,UC3gct-vKDbdIuF1ZTAvtOhA,Georgia,"(32.4609764, -84.9877094)",256,2006337
116,City of Fairhope,UCQsD9rKnDZ7Fik7D22bI0gw,Alabama,"(30.5229719, -87.9033261)",183,1932270
426,NorfolkTV,UCp20-oOitgfeAgxU34S-tPA,Virginia,"(36.8507689, -76.28587259999999)",965,1906131
161,City of Little Rock,UCoRn4kpi78zlnEN6deMwlQw,Arkansas,"(34.7464809, -92.28959479999999)",294,1867807
163,City of Longmont Colorado,UCH5_wkpLrKYb1JuUk6-UdNg,Colorado,"(40.1672068, -105.1019275)",234,1859206
359,Kern Government Television,UCmUJZiUo7nYq2x3IOnPqd5A,California,"(35.4937274, -118.8596804)",185,1825936
383,Macomb Board of Commissioners,UCDhWnZ6RMvQWhRHVfanLBxw,Michigan,"(42.5963627, -82.8780386)",235,1821679
522,Troy Michigan,UCm0tMiLQNPvL4Sz0CTjVYFg,Michigan,"(42.6064095, -83.1497751)",166,1800329
195,City of Oak Harbor,UCn1dx9RKIXMUr5s80nqG7hw,Washington,"(48.28829469999999, -122.6484205)",126,1772693
572,montgomeryva,UC4309B4P5WeQPjmZze1NUSw,Virginia,"(37.2070304, -80.4103957)",226,1768450
341,ILSpringfield,UCA6i8iv1zPHXx-sfI6DYF1w,Illinois,"(39.78172130000001, -89.6501481)",351,1753825
496,"The Official City Of DeKalb, Illinois Municipal Government Video Channel",UC_zpA4Z-yzeySUyvi44cZiQ,Illinois,"(41.9309747, -88.744069)",179,1706925
546,West Jordan,UC7Up4AfoWj0KebppgTvnLSg,Utah,"(40.6096698, -111.9391031)",146,1705740
387,Marion CountyFL,UCmYgAek8oIGmMcZe_y0OGzw,Florida,"(29.2787765, -82.12783999999999)",173,1695624
49,City Of Sebastian,UCpzAJigyTTM4gsU8NrjakIw,Florida,"(27.816415, -80.4706078)",178,1691195
461,RevereTV,UCGl4hREwgcCQxKA52C7Y_Bg,Massachusetts,"(42.410139, -71.01202540000001)",630,1688489
210,City of Richfield,UCW3EbpPy_Xwb2moaUUOFhVA,Minnesota,"(44.8832982, -93.28300209999999)",461,1618492
493,The City of Grand Rapids,UCBObm_Q73DcEDhgvdmoOh1w,Michigan,"(42.9633599, -85.6680863)",541,1569482
267,CityofOrlando,UCTOsxjDi8Wow6xhEbGvVugA,Florida,"(28.5383355, -81.3792365)",449,1569192
207,City of Punta Gorda,UC-Qo-k4PpXWo4IJQah6_Kqw,Florida,"(26.9297836, -82.0453664)",236,1524512
96,City of Columbus,UCfttJJ9T5_1W1JewiTJqzqA,Ohio,"(39.9611755, -82.99879419999999)",310,1516658
153,"City of Laconia, NH",UCDfxg8m4IMiGZikLF5pbE_g,New Hampshire,"(43.5278546, -71.4703509)",125,1513391
502,Town of Cary,UCFO7o7pWJ05YPZH6-T0hiyw,North Carolina,"(35.79154, -78.7811169)",378,1504812
86,"City of Casper, Wyoming",UCK-zvDPcmvu0mPRD2LPc6ng,Wyoming,"(42.8500769, -106.3251749)",109,1484291
353,"Kansas City, Mo. City Communications",UCYYgwhGr1HSqRi_h5uPF2Kg,Kansas,"(39.0083059, -94.4579961)",729,1463985
231,City of Sherwood,UC4hM1ujLIVpZAqSr0vM0Z7g,Oregon,"(45.3562638, -122.8402122)",148,1404443
543,Watch Berkeley Gov,UCHiRuLn-_8Fk1XMK8W7oP3w,California,"(37.8715926, -122.272747)",163,1390221
413,Municipal Meeting,UCYkaKwd_1OokRKlvteABFZQ,Rhode Island,"(41.6627151, -71.4524155)",123,1382369
560,centervillecityutah,UCqZ-L_LnFpbGbsBRKz4QFHA,Utah,"(40.9180005, -111.8721601)",88,1374124
180,"City of Mobile, AL",UCdLrEwf3ewSNmCNm21fVfNg,Alabama,"(30.6953657, -88.0398912)",160,1371622
148,City of Kerrville - Government,UCRt2JqXbobR1471dyOn5MJA,Texas,"(30.0469117, -99.1409022)",198,1343243
171,"City of Marshall, MN - Studio 1 TV",UCQN3dBrZlxrHNc6G0HTnIZA,Minnesota,"(44.454693, -95.758934)",195,1339905
243,City of Waverly,UCmAJkXjXePDZKkxPOPpeJpQ,Iowa,"(42.7272032, -92.4668511)",124,1337579
194,City of Nowthen MN,UCydgQQVA1NUIh3PUbWeZ04w,Minnesota,"(45.3324984, -93.44670149999999)",121,1321518
208,City of Reno,UClQT7q90igEYqA17nm-WwhQ,Nevada,"(39.5296329, -119.8138027)",810,1310636
535,Wallingford Government Television,UCdWP8OnNWc1nyrtewoqYRpQ,Connecticut,"(41.4864179, -72.7907814)",125,1308793
509,Town of Old Saybrook Video Library,UCwq-kallXEqCHOy9C35r34A,Connecticut,"(41.2902388, -72.3744107)",180,1295841
225,City of Santa Clara,UCBMGaWSyRhcGxg0fSG4msDA,California,"(37.3541079, -121.9552356)",116,1284931
396,MetroNashville,UCKpWDnPeJ9IQ9Sx7AfBORhg,Tennessee,"(36.1626638, -86.7816016)",483,1241689
542,Washington State Government,UCsuYgYm8vWyUNUfI3CMzuSQ,Washington,"(48.0421802, -122.7907344)",265,1192334
423,Newark City Council,UCWZ28Fau9gZ1D0U8F2L6UKg,Ohio,"(40.057701, -82.4040069)",203,1192041
72,"City of Bloomington, Illinois",UCS8WR70NFd2XMmFYRDHEGEw,Illinois,"(40.4842027, -88.99368729999999)",98,1170127
226,"City of Santa Maria, California",UCAmcDZPVzV6jUnVIof3F7dw,California,"(34.9530337, -120.4357191)",160,1169709
248,City of Willmar,UCtCdc2xGb0Hvrk6dd5OpmoA,Minnesota,"(45.1223711, -95.048659)",198,1147991
264,CityofGenevaIL,UCobt6LRW-pMEmfGNVuy5NxA,Illinois,"(41.8875281, -88.3053525)",142,1133297
261,CityofDestin,UCn_D1Iq1xxZhrkenq1d7EYA,Florida,"(30.3935337, -86.4957833)",137,1132076
557,Woodland Park Colorado,UCeKKRfEM3cKxDB3yz19_eDQ,Colorado,"(38.9938808, -105.0569301)",137,1124621
29,CHANNEL 17/ TOWN MEETING TV,UCJkWMLSqRNKLoyUZQiNoAcQ,Vermont,"(44.48777330000001, -73.20746150000001)",359,1098283
206,"City of Post Falls, Idaho",UC7PL9bReR18BlDnsmiOlraw,Idaho,"(47.7179578, -116.9515856)",164,1077860
228,City of Saratoga Springs,UCL97Ck7JMecdpmZLudfVhPQ,Utah,"(40.3301898, -111.9044877)",81,1077303
222,City of San Clemente,UCMJuEbFMmHeG8RBe-m6s7JQ,California,"(33.4273521, -117.6126004)",88,1068626
67,"City of Beaumont, Ca",UCvvsX3mVAdUeT7KLJnFgHYA,California,"(33.9294606, -116.977248)",105,1067822
18,Beaufort County NC Government,UCucOU3BykLPoXU2KjvX3CCg,North Carolina,"(35.5432661, -77.0547823)",79,1031079
523,Troy Ohio Videos,UCNnrSMWnG45jXoMSlwVFSNg,Ohio,"(40.0439807, -84.2023645)",391,1014613
191,City of Newberry,UC9MNwMuigm3PeKHacwz2xQQ,Florida,"(29.6463535, -82.6065023)",81,1005538
564,cityofokc,UCu7sVASWMRZ6V6F7EebBlbA,Oklahoma,"(35.471589, -97.4638281)",90,994539
350,"Johnson County, KS Government",UCUMpFQU8E0ifkWVrRz46tyQ,Kansas,"(38.9147113, -94.79942009999999)",246,982013
220,City of San Angelo,UCg9JRjdLIq0ZTMHn1fioiJw,Texas,"(31.4637723, -100.4370375)",125,972023
1,Adams County CO Government,UC7KDbF1XykrYlxnfhEH5XVA,Colorado,"(39.9239028, -104.8126509)",372,951181
556,WoodburyCountyIowa,UC7eJFP8TlXCX8V3sDDaePBA,Iowa,"(42.3166158, -95.9832577)",145,940993
302,"Eagle Mountain City, Utah",UCE6PWygb_g-qDncu6tkhU-g,Utah,"(40.31411689999999, -112.006882)",78,932357
132,"City of Hendersonville, TN",UCy-XOO0Miyy8QIuE4B4fRuA,Tennessee,"(36.3047735, -86.6199957)",79,919093
287,Cumberland County PA - Commissioners,UCDuoEW_vCX40aemvNS9RnKw,Pennsylvania,"(40.20116700000001, -77.188848)",248,917493
324,Germantown Municipal Television,UC4td-0odYtwzyFJSF6jN34w,Tennessee,"(35.0971915, -89.8414354)",188,893063
339,Humboldt County Iowa,UCZ6V3dlCIihapzhYTHjpCxw,Iowa,"(42.7482597, -94.19234000000002)",100,883680
404,"Mitchell, SD",UCOdLoS0nXWs5c1ejBbdrZNQ,South Dakota,"(43.7094283, -98.0297992)",89,860663
520,Township Council Meetings,UCqFPQ63LV3q5cA_yjnCnsmA,Washington,"(39.7397316, -75.0685712)",39,856804
182,"City of Moore, Oklahoma",UCak9ErtW71dyEoj7TmLlqHw,Oklahoma,"(35.3395079, -97.48670279999999)",334,855275
466,SCCMOTV,UClZsKsIKtPJkYwn1BtJgAFA,Missouri,"(37.9642529, -91.8318334)",411,851759
164,City of Lowell,UCeObjQ4b9fmrV22EiBb5KSA,Michigan,"(42.9336426, -85.34196089999999)",172,845497
439,Ottumwa Iowa,UCSPVpWJuu42NT03S9XgFFAA,Iowa,"(41.01602930000001, -92.40830220000001)",74,834589
525,Utah County Government,UCkRYDnXVDLGv9792bhWn9Wg,Utah,"(40.2330328, -111.6568586)",69,829029
218,"City of Saginaw, MI",UCTezqtA8UmUTHS_s4F9-Hpw,Michigan,"(43.4194699, -83.9508068)",140,825734
433,Oklahoma County,UCz_5jEcl6kV8f6Y71exwfJA,Oklahoma,"(35.6038323, -97.35165579999999)",184,821642
69,City of Bellevue Nebraska,UCZc74_1IgTNR4-YuLknTAJw,Nebraska,"(41.1543623, -95.9145568)",138,820018
233,City of Sioux City Council,UCrekGAbOEqDvdzn9w8FAcoQ,Iowa,"(42.4965857, -96.40594519999999)",69,815943
282,County Of Del Norte,UC7jaWC4x7QAq1bgC2L-aYvw,California,"(41.7076287, -123.9659708)",75,812758
59,City of Asheville,UC2QG4OKWo8tQ-h3fAwxr4eg,North Carolina,"(35.5950581, -82.5514869)",217,810924
70,City of Bellingham Washington,UCtKY2DeY9GkBr35opV7E2Lg,Washington,"(48.7519112, -122.4786854)",238,808021
234,"City of Springdale, Arkansas",UCDBXZsuggNDRY1QTEqH2MQg,Arkansas,"(36.18674420000001, -94.1288141)",83,790127
64,"City of Bakersfield, CA.",UCk3BaR0DdO7j_bZSKnIEK4w,California,"(35.3732921, -119.0187125)",108,783604
532,VirginiaBeachTV,UCe1QmZhxHuuZuUdQ9FtzTcA,Virginia,"(36.8529263, -75.97798499999999)",425,779993
298,Digital Peoria,UCr2anV7zsCAo1Rvjga7nYEA,Arizona,"(33.6282856, -112.2392489)",193,778059
229,City of Savannah,UCNaTc-Sjmlyby6XoBK8ZtrQ,Georgia,"(32.0808989, -81.091203)",328,761374
78,"City of Brandon, SD",UCkupAgckAKVqifovUqXw_TQ,South Dakota,"(43.5946963, -96.5719896)",70,751270
370,LawrenceburgIN,UCQ2JDPkIH-LfT_WRhvrYOMA,Indiana,"(39.090891, -84.8499504)",121,746734
494,The City of Irving,UCnakJoKIjNzMALPhHXxwFEA,Texas,"(32.8140177, -96.9488945)",422,745804
113,"City of Ellsworth, Maine",UCAoSufogSQbl5N5AtUIid4Q,Maine,"(44.5434095, -68.4194641)",93,740138
538,"Warren County, Virginia",UC4VkJGpBCNGqrwOEuxZSQoQ,Virginia,"(38.9331749, -78.24761459999999)",62,738266
488,Taneytown MD,UCQ7oudT2tx4u4P81ClUD6Hg,Maryland,"(39.6578773, -77.1744279)",108,731145
53,"City of Alice, TX",UC_9x9G-IMyGx4zPHxawQr5A,Texas,"(27.7522487, -98.0697249)",84,730358
284,"County of El Paso, Texas Commissioners Court Public Meetings",UC-2RxYOS6Y6VkDlp5eM0OLA,Texas,"(31.7582637, -106.4841176)",52,730180
394,Mendocino County Video,UCSYcX7uSxr-GyRh20JtuwFg,California,"(39.2917155, -123.7544678)",74,725234
552,Will County Board,UCfyLcOmTH_aH_aIgCtUgnBg,Illinois,"(41.5300049, -88.08104469999999)",84,717067
134,"City of Hot Springs, Arkansas Government",UCvSlS0dSXw_50XhzT9E_kMA,Arkansas,"(34.5037004, -93.0551795)",173,709121
242,City of Warrenville,UCcO8hN6YoUmWZrDFNASMzAQ,Illinois,"(41.81780699999999, -88.17340209999999)",88,707738
68,City of Belleville Council Meetings & Misc. videos,UCgQcRTdHErSn7yG1AP742Vg,Illinois,"(38.5122211, -89.9843597)",101,707062
545,Webster Massachusetts,UC1GDU6rDxjb7u7c9NnBm8qw,Massachusetts,"(42.05009099999999, -71.88006279999999)",86,702541
125,City of Georgetown,UCZeRkYcroXWINV1rkHVlhzw,Kentucky,"(38.2097967, -84.55883109999999)",66,687612
81,"City of Bristol, VA",UCsXxrQvvnpoAC60lEn67FhQ,Virginia,"(36.595141, -82.1888089)",52,685060
139,"City of Iola, Kansas",UCv4LYM8hh3qeJL32-kR2moA,Kansas,"(37.9244799, -95.3999814)",80,653054
517,Town of Whitestown,UCpbwXmmh-voRDSN3qtn5Hfw,Indiana,"(39.9972626, -86.3458296)",178,649820
392,Marysville City Hall,UCrPPJ9eQiOxWf3ZisFjK3qQ,Kansas,"(39.842909, -96.648336)",36,646376
452,PlattevilleWISC,UC6UORZ8U7NlaS3giNhyuAaA,Wisconsin,"(42.73416, -90.4784621)",88,632901
262,CityofDurhamNC,UCHUDjJ4VIFaf3a9ap9s5qEA,North Carolina,"(35.9940329, -78.898619)",245,616101
193,City of Nogales Arizona,UC2CaTc0tirQupKj3y2zIQSg,Arizona,"(31.3403775, -110.9342532)",82,613205
508,Town of New Milford,UCy-PHUq7KONS5ytwwbiyMdA,Connecticut,"(41.5778088, -73.4101187)",54,607686
368,"Laramie, Wyoming - City Government",UCtoowHqhTpkeVR14Rey_VGQ,Wyoming,"(41.3116389, -105.5918231)",44,601331
7,"Ally Miller, Pima County District 1 Supervisor",UC79IZA1RmoYaLOFWLbqY2fQ,Arizona,"(32.221975, -110.9736346)",285,592423
257,Cityof Wayne,UCwr-VD-I64VKtBOqg6jNXxQ,Michigan,"(42.2814269, -83.3863214)",40,584864
13,BEDFORD TOWNSHIP GOVERNMENT CENTER,UCb8mpGZJzyC5LmYOC2VKSvQ,Michigan,"(41.7630647, -83.5852664)",55,580399
547,West Virginia Judiciary,UC_zHDYG-Whdzh7nQPyfsItg,West Virginia,"(38.3368502, -81.6111525)",76,579516
330,Groton Municipal Television,UCBk-9Ahudi4nbh26x3jZxlA,Connecticut,"(41.3497456, -72.0790717)",120,574055
47,City Of Fort Morgan,UCo7J2v3KqEOx45rG-GxlJOg,Colorado,"(40.2502582, -103.7999509)",49,570497
419,New Jersey Government,UCUsNf-kiBIzayz14C59tKUQ,New Jersey,"(40.218798, -74.764752)",827,555652
450,PittCountyNC,UCNbby4KXClggL9c-kVrpFww,North Carolina,"(35.5589221, -77.4242972)",291,553571
348,James City County,UC1YcYMSX__2VbO2Mi3udVRw,Virginia,"(37.3002132, -76.8028933)",160,551071
89,City of Charlotte,UCr8xW9jfl6OiwjQuRwX4bWQ,North Carolina,"(35.2270869, -80.8431267)",87,550916
251,CityOfBeatriceNE,UCNqBm24raflfC7qGBgqLQbQ,Nebraska,"(40.2659269, -96.7466913)",95,550665
115,"City of Evanston, IL",UChIEhm-DpDtCj0aEKKe_O9A,Illinois,"(42.0450722, -87.68769689999999)",203,548068
504,Town of Coventry Rhode Island,UC-C8lpWeCKplTv8DDVh64aA,Rhode Island,"(41.6885978, -71.5642076)",35,545758
460,Rappahannock News,UCfrlkifp1NKxUnONQi4IFqA,Washington,"(38.7125007, -78.15999029999999)",52,527958
539,WashCo Commissioners,UCTH850WDpvgeJXEI6Bp-nwg,Maryland,"(39.64347710000001, -77.72278229999999)",70,524218
519,TownofCohasset,UCtPH47tVZoFwqFm8nN7JrMw,Maine,"(42.24176749999999, -70.8036544)",53,523101
48,"City Of Mayer, MN",UC76IJmnDuxPuOAjO_qTvuOQ,Minnesota,"(44.8849625, -93.88774529999999)",62,513849
430,Northglenn Colorado,UCqtvPKHWSX-ukNYDjPYH6ug,Colorado,"(39.8961821, -104.9811468)",111,512518
187,City of New Carlisle,UChfm1EBjjw6A2GbexgDZ_ag,Ohio,"(39.9361699, -84.0254913)",79,512493
375,LivoniaTV,UC81D_yBDdwEXucKYYvCnXOQ,Michigan,"(42.36837, -83.35270969999999)",142,509210
286,Coventry Meeting,UCJSTZH1geFoNt2VH2lHEGGg,Rhode Island,"(41.6993579, -71.54891099999999)",120,504921
338,HopeCity NC,UC2NXXKwoDujEJ38TJufBNTg,North Carolina,"(36.0024462, -80.1493969)",143,499776
36,"Caribou, Maine",UCunLIlhYrhdsdvfjRKYCYdQ,Maine,"(46.8639995, -67.9980365)",75,491816
565,cityofsantafe,UCTgU_rclEQSW7XN-sgaCUBA,New Mexico,"(35.6869752, -105.937799)",266,487685
501,Town of Brighton,UCRac-30bEStYoqUvi6HkiWw,New York,"(43.1222716, -77.57340479999999)",42,485993
63,City of Aztec,UCfNiVUYD4XKKwxOhtNvCauA,New Mexico,"(36.8222261, -107.9928455)",67,482425
458,Provo City Council,UC1yR7j8igrjxXOR0XsCasfw,Utah,"(40.233174, -111.664711)",47,477523
388,Marshall County Iowa,UC2SRE_isBm8PyHrZNXf3nsA,Iowa,"(42.0407088, -92.9375739)",80,477102
58,"City of Arlington, TX",UCmEJ9qX33iCpEKauFojkybg,Texas,"(32.735687, -97.10806559999999)",1079,471437
237,City of Stayton,UCVALQZk-x5ZMWOCGh_fKPtg,Oregon,"(44.8006775, -122.7945333)",48,461873
196,"City of Old Town, Maine",UCnnzsRkjzkSJQjzHjys6zGw,Maine,"(44.9342349, -68.6453092)",78,455417
278,Contra Costa Television,UCD1z6XC8_fqZXP3HayI-kQA,California,"(37.9952189, -122.1220089)",60,453592
409,Montgomery County TN Government,UColCy-INQM4uZSqrJCeHTGg,Tennessee,"(36.5268508, -87.35801350000001)",65,449041
563,cityofminneapolis,UC1IHi7mIMbFhZo4j_H6QIsA,Minnesota,"(44.977753, -93.2650108)",51,449014
574,showmecity,UCpaZmht_7_Zvunux1zkDt0w,Missouri,"(39.1117837, -94.56087509999999)",240,447709
303,East Windsor CT,UCgNSFYXWvjpaYULSt-XoZOA,Connecticut,"(41.9161361, -72.5578799)",31,444761
44,City Channel Columbia MO,UCMvapUGDpxyLUUWNO8fxkdA,Missouri,"(38.9517053, -92.3340724)",300,443549
214,"City of Rochester, NY .Mayor's Office",UC6E4c_jmhJPH7kR_GKnbpug,New York,"(43.1569913, -77.6148934)",327,442371
540,Washington City Utah,UCYhIA2-MogiT4VZA4ru7p3Q,Utah,"(37.1305373, -113.5082867)",71,437516
138,"City of Independence, Missouri",UC95egG4Say-HvNrlJT_yCXg,Missouri,"(39.0911161, -94.41550679999999)",112,434613
451,Pittsylvania County Virginia,UCBZbT6gifgJPXGq9Rt7z5lw,Virginia,"(36.7440186, -79.4703885)",60,434142
133,City of Horace,UCHdzO6P-1enZkMG7Z87QdGA,North Dakota,"(46.7588553, -96.9036971)",45,434077
145,"City of Jacksonville, Alabama",UCvjFmKc5lozHgaRQ6wB8D_Q,Alabama,"(33.8137125, -85.76135359999999)",83,432634
516,Town of Waxhaw NC,UCaVNojVBJdyFHzC1zkvhK7w,North Carolina,"(34.9245935, -80.7434019)",87,431600
2,Akron City Council,UCTRzlObsoxdg6IFgWSFCOgA,Ohio,"(41.0806037, -81.518214)",65,430509
169,City of Marion Illinois,UCUKL9LxylG4TP8YgVSaSwjQ,Illinois,"(37.7306054, -88.9331256)",72,430117
94,City of Columbia,UC6-Zkaz4V41CKJRyqTNAzTg,South Carolina,"(34.0007104, -81.0348144)",300,428193
567,eGov PDX,UCcPIUh7CWwtBXisMPHWG65g,Oregon,"(45.5122308, -122.6587185)",24,424573
531,Virginia Government,UCJmtQnnG2MwpHnSMzVj0siQ,Virginia,"(37.5392253, -77.4319501)",127,422756
479,"Story County, Iowa",UCTLajnmHYlpovDrzvgi0hMw,Iowa,"(42.1040438, -93.5003454)",97,420122
378,Louisiana Gov,UCu6XLJo8g_k5IZX6sjpV14A,Louisiana,"(30.4497659, -91.1088991)",146,418533
199,City of Park City,UCKWmOfUwmKPzAyvzvEvhs5A,Kansas,"(37.8000123, -97.31837619999999)",45,418142
578,warren-ma.info,UCSemWSWv9vohWfvvyHaYAlA,Massachusetts,warren-ma.info,60,416651
511,Town of Rising Sun,UCVhXWOvvPRbCJ24IyH2tZyg,Maryland,"(39.6978871, -76.06272659999999)",76,416255
311,Falls Township PA,UCXkR2V1sBOCmVB3S5aHEjTA,Delaware,"(40.1740577, -74.8530595)",46,414368
209,City of Republic,UCmvA973eokxbVlHVODl-1_A,Missouri,"(37.1200526, -93.4801942)",65,413258
296,Delaware County Government,UCGw1znI7YHoxXgqqMJZnZwQ,Indiana,"(40.1942895, -85.3873354)",84,411872
83,"City of Brooklyn, Ohio",UCRRKkTWR8peOgYgo4JvhxWA,Ohio,"(41.4301349, -81.7512107)",56,401440
332,HardinCountyIA,UCldvOvGdfCT76xAGFpJ5u7Q,Iowa,"(42.4285425, -93.17796589999999)",117,401232
165,City of Madison Wisconsin,UC3IAPMgYfaBEJ5eeqbvWkzQ,Wisconsin,"(43.0730517, -89.4012302)",118,396484
561,cityofhayward,UC-t5eCY7p3nbBalxbMP9vFQ,California,"(37.6708446, -122.0857338)",80,394984
90,"City of Cloverdale, Cloverdale, CA",UCDSDDT0okjoOrRhJaetPRbQ,California,"(38.8054624, -123.0172227)",27,385578
495,The Municipal Art Society of New York,UC85K3UNE3_ZnDaDJUOWwedw,New York,"(40.7589167, -73.9752018)",135,385487
470,Saint Francis MN,UCC44uGV-mS_2SCvUhBy_scA,Minnesota,"(45.3974847, -93.38792199999999)",58,383199
230,"City of Shenandoah, Texas",UC5-9qrdkO9wip4I0vyCXq9g,Texas,"(30.1802151, -95.45577259999999)",29,373362
98,City of Cordova Alaska,UC5pGOg0PI8_MuUIJScsw6Gw,Alaska,"(60.5424087, -145.7525414)",27,367791
308,Essex County New York,UCUTiUCto7MsxIbqK5M1rMrA,New Jersey,"(40.8398218, -74.2765366)",107,365240
56,"City of Anderson, Indiana",UCMDJQTb1x8xHky-Jxmu8PIA,Indiana,"(40.1053196, -85.6802541)",153,361160
326,Governor Asa Hutchinson,UCLJcNdgp2PMEmiqJEoYzqwQ,Arkansas,"(34.7469468, -92.2889342)",198,359920
8,Amherst Council Clerk,UCVbdl2V5DTld5jQ-TSnz5cw,Ohio,"(41.39825099999999, -82.227454)",91,355034
50,City of Aberdeen,UC2WDoaiGN9nFc1Zb4pyfpyw,South Dakota,"(45.4646985, -98.4864829)",70,350540
45,City Of Cortez Council Meetings,UCuJXUzV7IZDST9p2BLMGA7g,Colorado,"(37.3503413, -108.5695371)",44,345298
197,City of Oroville,UCAoRW34swYl85UBfYqT7IbQ,California,"(39.5137752, -121.556359)",37,345142
554,"Winnebago County, Iowa",UCRYede2wUgnmNZpYlSRCDDg,Iowa,"(43.3481922, -93.66232389999999)",43,341808
393,McDowell County Government - North Carolina,UC0mTfn8VlbzCAPoS4ypHSbQ,North Carolina,"(35.6839474, -82.0082269)",32,339813
275,Columbus Municipal School District - MS,UC5aQEWlv0bv0RfURb9dIEeA,Mississippi,"(33.5403856, -88.4210006)",38,335470
168,City of Maricopa,UCcGYzD73sGc7P9gH6kZJC3A,Arizona,"(33.0581063, -112.0476423)",115,331866
40,"Cedar City, Utah - City Council",UCvv1r4z0JQJjAIgeLmMGmbA,Utah,"(37.6777847, -113.0610041)",34,331230
414,"NEK-TV Newport, VT",UCKV7WVHOpRCBCwKh6P_O7iw,Vermont,"(44.943332, -72.192562)",32,328207
258,CityofAikenSC,UCHtMErIZ0_lu5v3kJAzPitg,South Carolina,"(33.5604168, -81.7195533)",54,326348
518,Town of Wiggins,UCLfzJYfsilF0D3dQGKMpGbw,Colorado,"(40.2305363, -104.0727278)",20,322000
88,City of Charleston SC,UCxDws_o-1voXBNOAZ17gZxw,South Carolina,"(32.7764749, -79.93105120000001)",32,321594
306,"Erie County, Pennsylvania - Government",UCDEhxGyYjgZkYrLb-NGeq2g,Pennsylvania,"(42.1291683, -80.0879985)",72,318927
253,CityOfNormanOK,UCRUefgW2qlHl6uJwIS7KQXQ,Oklahoma,"(35.2225668, -97.4394777)",71,313074
162,City of Livingston CA,UCB_ZmQZIHELh-ECEPZ2VwZg,California,"(37.3868826, -120.7235329)",24,310726
505,Town of Emmitsburg,UC17xHnkC_VLkirblkEBdIDQ,Maryland,"(39.7045417, -77.32693069999999)",54,310096
310,FaithCity MD,UC3cUrijYglWHJ81RrZ_jNUw,Maryland,"(38.8354067, -76.8628623)",30,306038
129,"City of Greenville, NC",UC3Ud91UVasbpi8wPVDlcCRA,North Carolina,"(35.612661, -77.3663538)",378,304219
281,Council Meetings - City of Rochester Hills,UCRzGsdrhFdimra0g1Gw4HqA,Michigan,"(42.6833372, -83.1372157)",17,298263
159,"City of Liberty Lake, WA",UCP0FovX6g8NG4J5wKDLt62A,Washington,"(47.6743428, -117.1124241)",26,281932
318,FridleyMunicipalTV,UCgguNa9ShDCIeSXqFZbzphg,Minnesota,"(45.084944, -93.26286089999999)",82,280383
360,KingCountyTV,UCmsDL2CRIMtE1I6-eZqEx4g,Washington,"(47.5480339, -121.9836029)",73,276520
424,Newburgh Maine,UCiANGUnQ2sSa7SaV_sSW2Aw,Maine,"(44.71736749999999, -69.0003898)",41,276102
486,Surprise TV,UChvREiqh2Lc3HoTGqcPb3vg,Arizona,"(33.6297375, -112.3654922)",189,274457
492,The City of Frederick,UCTig2g9-KiZFgNg8kYxeKXA,Maryland,"(39.41426879999999, -77.4105409)",155,267098
459,Putnam County TN Government,UC2D4OD-kL2jUOtpY0KHktFA,Tennessee,"(36.1494165, -85.5229902)",56,259858
530,Vidalia Louisiana,UCa6cbVaGERmEA6WGt33z-dg,Louisiana,"(31.5654441, -91.4259495)",79,259534
453,Port Orange Government Television,UCTYNmc7tZVRrB2NH5-Oj7hg,Florida,"(29.1265036, -81.0207434)",34,259387
503,"Town of Chester, NY",UCcfUBNLL64j3sKxfuxTtcog,New York,"(41.3625937, -74.27126129999999)",32,255198
316,Franklin Tennessee,UCaDJdA9NLVQOuXVbx1JV0cw,Tennessee,"(35.9250637, -86.8688899)",35,255035
489,TarrantCountyTX,UCreZ2-bXXetuRiKZAtXcNNA,Texas,"(32.7732044, -97.35165579999999)",38,254963
246,"City of Whitehall, Ohio",UCvjez8n5YvwKfEZ-2RX9fkg,Ohio,"(39.9667308, -82.8854559)",52,254594
411,MtPleasantMI,UCbfjqB0HPkc6KHaQa4_zVgg,Michigan,"(43.59780749999999, -84.7675139)",50,253593
160,"City of Little Falls, MN",UCDJcQU_2dOXIixQEJzQ7_aQ,Minnesota,"(45.9805556, -94.36944439999999)",38,252165
16,Bay Saint Louis City Council,UCfZVth2EfSBM4lVvXg_H-kw,Mississippi,"(30.316913, -89.345498)",25,252062
309,"Exeter, Rhode Island",UC_0OoUlSPYRpwmRMpQ8-sCw,Rhode Island,"(41.5750676, -71.5351476)",19,246655
154,City of Lakewood,UC6kjNiFzrc9PwiTF_zTTaRQ,Washington,"(47.1717649, -122.518458)",16,245433
173,City of Mesa,UCxhnbjW5_gD9I4gk_5t6-Aw,Arizona,"(33.4151843, -111.8314724)",193,244877
244,City of West Melbourne,UC0rw9-ZqduSTcs6uBNU7_ag,Florida,"(28.0716832, -80.65338779999999)",17,243141
46,City Of Durant Council Chambers,UCQO-_Crp48w7jN-mZ0oGGVQ,Colorado,"(33.992638, -96.37766300000001)",20,242195
109,"City of Edwardsville, KS - Government",UC2M-zO1Jcwm4YOjbxFhdNAA,Kansas,"(39.0562158, -94.82191519999999)",32,242186
250,City of Woodbury MN,UCDsJCsK3YLLVgRbg34kABMA,Minnesota,"(44.9238552, -92.9593797)",313,241660
80,"City of Brighton, CO (KBRI-8)",UC7fxHV_KyittFb3M9jDbBGA,Colorado,"(39.9852617, -104.8205283)",86,240920
498,The Town of Lexington,UCsor0AoZVy2UvAW52JOlbxA,South Carolina,"(33.9815369, -81.2362107)",52,235693
126,City of Grand Marais,UC8OF_XBXW9WJuCZEIzxSlIQ,Minnesota,"(47.7504469, -90.3342727)",18,234495
73,"City of Bonner Springs, Kansas",UCyUl-B3mt386DdFgJqYfFyg,Kansas,"(39.059726, -94.8835754)",35,223988
190,"City of Newark, Delaware",UCkUa0_pCSXUlTQaeXLd73eA,Delaware,"(39.6837226, -75.74965720000002)",103,220635
156,"City of Las Vegas, New Mexico",UCNGDVGRRAL0qVevel5JYeRw,New Mexico,"(35.5942137, -105.2227978)",27,219943
121,City of Freeport ILL,UCPtSul497oxrsjhrn_qhiMw,Illinois,"(42.2966861, -89.6212271)",26,215039
131,City of Haysville Kansas,UC3XUt81Il2JWijJiV6yqnNw,Kansas,"(37.5644615, -97.3522675)",59,214639
92,"City of Cocoa, Florida",UCbWJK7XQyPVBmp15Fwoa4jA,Florida,"(28.3861159, -80.7419984)",49,209097
334,Helena Civic Television,UC9AloSLo5HpsRCpfnFo7fcQ,Montana,"(46.5891452, -112.0391057)",56,200768
273,Clean Water Initiative,UCcE3IVErioHtVMqAeBLVDZQ,Vermont,"(44.5588028, -72.57784149999999)",32,200519
568,eXplore Xenia,UCUFFzFWxDl_DMOe9J7QzmgA,Ohio,"(39.686438, -83.929177)",37,199262
120,"City of Franklin, VA",UCMmXa_L4o0ZgMpRDCZs1syA,Virginia,"(36.6776507, -76.9224608)",17,198780
101,"City of Crescent City, California",UCc8LIkDxscuciAFNB9yEEMA,California,"(41.7557501, -124.2025913)",25,197156
512,Town of Rome Wisconsin,UC4c0rhMyFqU3QhLrIvqmyBA,Wisconsin,"(44.1988545, -89.820273)",18,194142
232,City of Sherwood Arkansas,UCF1JLn4XfEMB_403o-gj7PQ,Arkansas,"(34.8150907, -92.2243153)",40,193454
490,Texas Counties,UCypcad6NCCz1KNAkygXmNzA,Texas,Texas Counties,150,190963
320,FultonGovernmentTV,UCYH7E0jH6HxE-3KTRluH8SQ,Georgia,"(33.751422, -84.39144329999999)",66,190452
176,"City of Midland, Michigan",UCjShycow9Ksl3jU9N8lVfPQ,Michigan,"(43.6155825, -84.2472116)",324,189793
291,"Daniel, Utah Town Meetings",UCNl9vzo3Afm_qhRoXdDrqPg,Utah,"(40.4720026, -111.4314629)",34,181227
550,Westmoreland City Council Meetings,UCgjmBbalmzDjqkZdJbS0AgQ,Tennessee,"(36.561532, -86.24781000000002)",32,179083
85,"City of Calhoun, GA",UCFPzDB48ZQ6IAF_z0NQBPKQ,Georgia,"(34.502587, -84.9510542)",27,178795
487,TOMP Council Meetings,UCNhfTlBOB2AbKtELKzY7_yQ,South Carolina,"(34.7589326, -83.0731265)",13,173836
484,Sunbury Videos,UCP6obhaxx_cy4JKoPwFLQ5g,Pennsylvania,"(40.8618561, -76.7779541)",50,172840
254,CityOfThousandOaks,UCsSwux-Xmetz846gSsmptDw,California,"(34.1705609, -118.8375937)",89,168839
570,mohavecountyus,UCxpmqlXxz7UYF9ol80H7dEQ,Arizona,"(35.2143346, -113.7632828)",17,168670
179,City of Mission Tx,UCha07JnlG0muI97kb9u0Iig,Texas,"(26.2159066, -98.32529319999999)",95,167161
0,"Ada County, Idaho",UCmREyet73vxhBFCffWClEKA,Idaho,"(43.478767, -116.2420304)",19,162187
510,Town of Orangetown,UCiO7szhtu7X___gRqoFkuOg,New York,"(41.0555461, -73.94773839999999)",24,162008
87,"City of Centerville, Ohio",UCXLOLKzXqOtD9BSlPGrDBHQ,Ohio,"(39.6283928, -84.15938179999999)",68,157863
221,City of San Antonio,UCc1cljyxKwZYVnDapMi26eQ,Texas,"(29.4241219, -98.49362819999999)",209,157428
33,CSBTV20,UC0MKBRS7teISJ5iGufoc_Iw,California,"(36.778261, -119.4179324)",7,154618
399,Millville Cable Access,UCUmDFf-Vh4YhDiMqAnaMsug,Massachusetts,"(42.0278756, -71.5808973)",13,154431
119,"City of Florence, Kentucky",UCKAoTbCHbQPSIf80S5wYhlA,Kentucky,"(38.9989499, -84.62661109999999)",32,153444
465,SCCGov Chambers,UCF4DoI6Shq5PtVGaQRrAerw,California,"(37.3336581, -121.8907041)",11,152787
443,Pembroke Pines Media,UC5C4-X_lLc_8dZ3pJzYRkZA,Florida,"(26.0274521, -80.34878549999999)",93,152298
265,CityofGulfport FL,UCMcHz3QnFbjgo_QVvyJYDMQ,Florida,"(27.7483613, -82.7034334)",114,148011
100,"City of Cortland, Ohio",UC4Mu0kFfL3Cei3ZOZc5Zyeg,Ohio,"(41.3303342, -80.7253575)",45,143532
57,"City of Arkansas City, Kansas",UCvQiHdrfXJc-sH4GxsFdx_A,Arkansas,"(37.0619736, -97.0383712)",65,142952
400,Minneapolis KS City Council,UCA6z63vmfvbdwJ2AYtXy05Q,Kansas,"(39.1231551, -97.7056365)",30,136154
22,"Boone County, IL Government",UCHPpw58YhZQALqaKm1inNpA,Illinois,"(42.2539351, -88.82470459999999)",11,134912
448,Piedmont West Virginia Info Network,UCAzc8Mv9NyzjOG2xD1KZFEg,West Virginia,"(39.48243790000001, -79.0482272)",36,133235
551,Westville Indiana,UCLcCLBCsqiXSuVu_jJfGKaw,Indiana,"(41.54142969999999, -86.9005825)",24,132433
104,"City of Dearborn Heights, MI",UCRdsv07DxBTF5ZWgiqXPcKw,Michigan,"(42.3369816, -83.27326269999999)",17,131636
82,City of Broken Arrow,UCAOrvaXvUHojbjsEn72Y-Dw,Oklahoma,"(36.060949, -95.7974526)",57,130978
432,Official City of Stonecrest Georgia,UCp3rYzHzhZvd9Y7Ruf1O6kg,Georgia,"(33.6904766, -84.0838805)",11,127227
170,City of Marion Ohio,UCyKE64OZ0-ACD-5N6oaC-Yw,Ohio,"(40.5886699, -83.1285242)",22,126729
107,"City of Dover, Delaware",UCE48l9y073rRIXVx9EbLCpA,Delaware,"(39.158168, -75.5243682)",23,125608
480,Suffolk County Government,UCBY8LgV6_y7QUn0c4lgxurw,New York,"(40.9132922, -72.6684075)",43,119205
111,City of El Paso Texas,UCwYdX-cXdg609Ppl8Bjq07g,Texas,"(31.7618778, -106.4850217)",29,117329
147,"City of Kalispell, Montana",UCED-PH7x6SQAWtMpdpp9XVg,Montana,"(48.1919889, -114.316813)",21,114896
576,thesalinaschannel,UCDRw9cCwSZoMesM7wg9IMgw,California,"(36.778261, -119.4179324)",27,114074
247,City of Whittier - Council,UCR695k5WfvSv0tc64m1qcqA,Alaska,"(60.77433059999999, -148.6851493)",10,108821
412,Municipal Employees' Retirement System of Michigan,UCnyUp57EJdcQNfbrD9lm77w,Michigan,"(42.721095, -84.648632)",26,108518
346,Iowa Counties,UCLHmerxoha95Oif5ubraYwA,Iowa,"(41.6624604, -92.0665197)",20,106890
328,Greenville Wisconsin,UCJdbHHH0GVrnrLQ2P5rsy9Q,Wisconsin,"(44.3002628, -88.53649539999999)",59,106721
189,City of Newark NJ,UCNiGYwneyNvfAIAcl6eOqmw,New Jersey,"(40.735657, -74.1723667)",81,103649
571,montgomerycountymd,UC5NXwF1EDfbecNogLVlrALw,Maryland,"(39.1547426, -77.2405153)",62,102134
483,Sun City AZ,UCdLy0Uy9sKWCJNLz37tn5ug,Arizona,"(33.5975393, -112.2718239)",17,100453
102,City of Crestview,UC6c0B22M2HhR57yJT3OPGyw,Florida,"(30.7541808, -86.5727995)",19,99242
317,FrederickCountyMD,UCxww6nBEuO-ZiYZRN65rsBw,Maryland,"(39.3844507, -77.4701972)",32,96382
304,Elim Union City NJ,UCMI5AfbUwdYQ0BaSw7kLC6A,New Jersey,"(40.7690496, -74.0286826)",12,94767
175,"City of Middletown, Ohio",UCh-fZasNyuDxLyVxjmcaCIw,Ohio,"(39.5150576, -84.39827629999999)",13,93426
507,Town of Lebanon,UCZV2ij7vU73Dh8C1JAI3QWQ,Maine,"(43.40066969999999, -70.91937899999999)",11,91353
141,City of Irondale Alabama Media Channel,UCGKMIsxUusCwlTEQpaKBs1Q,Alabama,"(33.5381601, -86.70721019999999)",29,90797
292,Davie County Government North Carolina,UCAiN6jkUKjTwR9skwbCiX7g,North Carolina,"(35.8936073, -80.5622214)",23,88967
377,Long Branch,UCazWLOC-aO4snD-76P7IhbA,New Jersey,"(40.30427780000001, -73.9923596)",14,85604
62,"City of Austin, Minnesota",UCz8RVD73YkHomdRrT_5LBwQ,Minnesota,"(43.6666296, -92.97463669999999)",99,82928
473,San Diego County Water Authority,UCbcVbucoGZmmZSHLKIHe8rg,California,"(32.8255245, -117.1312866)",133,82767
112,City of Elk River,UCdrWdP44oLkWv-hc0SIWF6g,Minnesota,"(45.33772829999999, -93.56911219999999)",149,82116
240,"City of Victoria, MN",UCx9xeLv6v0F0bMzK1BxMEzQ,Minnesota,"(44.8587227, -93.6615338)",12,81862
144,"City of Jackson, MS - Government",UCqo3szaVkdRjZ1cw1kKZktg,Mississippi,"(32.2981176, -90.1819512)",32,78288
553,"Wilson County, TN - Government",UCJ0nj4kiFHnfPUlW4uySzww,Tennessee,"(36.2131167, -86.28905320000001)",41,77071
118,"City of Ferrysburg, MI",UCMqr_ibvxyZlVajOzl-Tr3g,Michigan,"(43.08446199999999, -86.2203313)",10,75616
61,"City of Auburn, Maine",UCn4hg3vz0ftbcLee4mz-1Dw,Maine,"(44.0978509, -70.2311655)",9,71528
30,CITY OF HOLLYWOOD PARK,UCZnWXeNy5xRZUYFGT86lPMA,Texas,"(29.6005047, -98.48724)",11,71012
12,Augusta Georgia,UCj33t_Opz-YZ7auj6-RIs_A,Georgia,"(33.4734978, -82.0105148)",59,70056
491,Texas Municipal League Intergovernmental Risk Pool,UCCk9C8LXg9ncBGrFlog24Lg,Texas,"(30.3316115, -97.6812044)",21,69460
472,Salt Lake City Television,UCUzanlS6hJadbrMqnO_iofQ,Utah,"(40.7634412, -111.8905986)",39,69185
213,City of Rochester Building Safety,UCecGEc0sA9c2rr36BETWxiQ,Minnesota,"(44.0242437, -92.43130289999999)",7,65270
575,syracuse.com,UChbYn187BlBxq5LfGqZSv_A,New York,"(43.0481221, -76.14742439999999)",142,64180
238,City of Sunnyside Washington,UC7fq6y2MjcYTA-GBSTnXiuA,Washington,"(46.3237423, -120.0086538)",23,63748
549,WestminsterCO,UCJeyak1VUsnc1rPehZPNswg,Colorado,"(39.8366528, -105.0372046)",85,62236
122,"City of Fremont, CA",UCLm12bAo9z_1ob9UG69ZGKQ,California,"(37.5482697, -121.9885719)",48,62140
167,City of Maplewood MN,UCFoyXqYAzbo9ieihH-08zAA,Minnesota,"(44.9530215, -92.9952153)",65,60479
376,Logan County Oklahoma Local Government,UCHO_-sm2MrhIrt8AivUhMvA,Oklahoma,"(35.8780672, -97.4275742)",19,59042
442,PasadenaChannel,UC514B1OlciNW3q7lZU94PiA,Texas,"(29.69137, -95.1843055)",78,57968
362,"LBTV Long Beach, CA",UC9tkCWoykFdl-Z-JHSA3ATw,California,"(33.7700504, -118.1937395)",39,55900
307,ErieCountyNY,UC-bqfNQx5a6oFLVOX8kGeiw,New York,"(42.9023958, -78.8661589)",49,55447
329,Greenwood Indiana,UC60y34F88H1zvYh0sg3AdTg,Indiana,"(39.6136578, -86.10665259999999)",24,55243
406,Monroe North Carolina Government,UCzrGKOKR72fmCEn7D0f9mlg,North Carolina,"(35.0110269, -80.5447384)",15,54953
344,Indiana Counties,UChhq084D5FyZpN1i2MRccDA,Indiana,Indiana Counties,22,53577
335,Hennepin County MN,UCJDcgrMl0B2Og4ZdeOOrnFA,Minnesota,"(45.0208911, -93.5094574)",61,52315
558,austintexasgov,UCa6J9IdgL8Lir6YIQNsbkgQ,Texas,"(30.2671108, -97.7352672)",55,49955
515,Town of Vernon,UCYtqAAiyly9HwdaX6MHmDTg,Connecticut,"(41.8186802, -72.47903699999999)",5,49943
271,CityofVacaville,UCLC4Gd7Z4rwlWOciZVhlJJw,California,"(38.3565773, -121.9877444)",22,48852
51,"City of Albany, Oregon",UCbJgGQBiWbOMvpHnGbMLa8w,Oregon,"(44.6365107, -123.1059282)",22,47327
35,"Campbell County, Wyoming (Government)",UCl2KcXV1L_HJZlcZyxhapWw,Wyoming,"(44.3956107, -105.4489183)",12,45912
456,Prevention Institute,UCVpEtO68Hz0k2vuHWQMJFQQ,Connecticut,"(41.335094, -73.089766)",46,45101
469,Sacramento County District Attorney's Office,UCi0AEGcHEB460WW_VC1g6NA,California,"(38.5841801, -121.4930305)",80,44309
52,City of Albion,UCIsBR9GwwVJIL2wyGJCiXfg,Michigan,"(42.243097, -84.7530304)",7,42680
300,"DuPage County, Illinois",UC45ol-gzYfebGvZ3OLhzClA,Illinois,"(41.8243831, -88.0900762)",32,42319
319,FultonCountyGovernment,UCBdfjTes0C4KkKzXyKiK9zw,Georgia,"(33.7513931, -84.3913883)",170,41649
336,Hillsborough County,UC-ltrT7T2PDRdEEoU5NtOEg,Florida,"(27.9903597, -82.3017728)",76,41437
497,The Rappahannock Record,UCLvUPpawpHiVisnCS6XAkqA,Virginia,"(37.7114492, -76.3808789)",11,41305
331,"Haltom City, Texas",UCTQ7EcoJXKB8n0Bv6tItjXQ,Texas,"(32.7995738, -97.26918169999999)",2,40602
212,City of River Falls,UCoLgQPc-xuxbXrce-2ume-w,Wisconsin,"(44.8613563, -92.6238082)",14,39423
358,Kentucky League of Cities,UCr7WAKemYwT87iELNQfcybQ,Kentucky,"(38.045112, -84.49808999999999)",28,38741
403,Mississippi Department of Transportation,UCAZJpbHAIyVea2lY2sJBvZQ,Mississippi,"(32.3275393, -90.181474)",133,37152
42,Citizens4Integrity,UCsao3TFcldlkoBifyeanZ5g,South Dakota,"(43.9695148, -99.9018131)",12,36015
76,City of Boston,UCqdM7PpJ84RvkqM87OzMAzw,Indiana,"(39.74116009999999, -84.8519034)",41,32774
500,Town of Apple Valley Utah,UCxfcnSqTRCiZPLqABwMXslQ,Utah,"(37.10441550000001, -113.1251775)",3,32515
541,Washington State Auditorâ€™s Office,UCoqV43R7JgM1q7WWi26Sorw,Washington,"(47.0358904, -122.9033286)",50,31716
41,Central County Water Control District,UCPO42Ece_pmdcQnrtDze-VA,Florida,"(26.6227859, -81.0785101)",5,31467
337,"Hoover, Alabama",UCEtvZ4p5toQc9p3XH2OTm9g,Alabama,"(33.4053867, -86.8113781)",64,30651
192,City of Newport RI,UCQEXfLzrNpxe7AZme3dTP0w,Rhode Island,"(41.4901024, -71.3128285)",6,30641
467,"SEMCOG, the Southeast Michigan Council of Governments",UCr0wxe2H-pgsBP8ag_HPNHQ,Michigan,"(42.332029, -83.0476)",46,30200
198,City of Oxnard Government - Official,UCyYBxLRP6z33lKEkyxreAUA,California,"(34.2000543, -119.1802258)",20,30081
408,Montana YMCA Youth and Government,UCTcNqEsmDnz8dAb1DUv40eg,Montana,"(46.5995748, -112.0316756)",8,30064
211,"City of Rio Rancho, NM Municipal Government",UCQbt-un8dQITuiIRLcbtq8Q,New Mexico,"(35.3109281, -106.6850204)",20,29914
181,"City of Monroe, Michigan",UCiO2fcMaMm-faFWMWNTcFIw,Michigan,"(41.9164343, -83.3977101)",7,29754
534,Wake County,UCJWIhzcE0ZVmh3kcZSj7gDA,North Carolina,"(35.8031909, -78.5660852)",22,29716
312,Falmouth Maine,UCHeGX1GVbkUOB-KSASNDvQw,Maine,"(43.7435343, -70.2601759)",26,29594
321,GOCC WISCONSIN,UCltp6NRcZoNXtHllH8VOMYQ,Wisconsin,"(43.7844397, -88.7878678)",6,29590
149,City of Kingman,UCCefFg5UL6weXKr-wenyHVQ,Arizona,"(35.189443, -114.0530065)",10,29364
142,City of Irvine,UClqzzO7LI1d8KB20gwDnd0g,California,"(33.6845673, -117.8265049)",45,28702
365,LWVSJC,UC0xqyjb977v3IXocgTSD2_g,California,"(33.510788, -117.641013)",5,28383
285,County of San Mateo,UC2bWDXcW6FfdxVyR-V34oag,California,"(37.4337342, -122.4014193)",21,27898
184,City of Mt. Pulaski,UCUGntHxJMcrkLQTsfMI0eaw,Illinois,"(40.0108767, -89.282314)",8,27767
436,Orange County North Carolina Video,UCWv68m-BGtw4OBxzOMB8fnQ,North Carolina,"(36.0741901, -79.0808665)",38,27747
155,City of Las Vegas Government,UCH9xyXcOBq9hEEkkx9iaojw,Nevada,"(36.1674222, -115.1487183)",17,25614
506,Town of Hope Indiana,UCP0V3YxQavE_NWKSYNw-7EQ,Indiana,"(39.3039397, -85.77137220000002)",7,25585
577,upwhawaii,UCC-QUQuhKO5wqg-ROI23H5A,Hawaii,"(19.8967662, -155.5827818)",51,25325
20,Bernalillo County,UCAKt5BZwiEUsv7sfIuPVDFQ,New Mexico,"(35.0177854, -106.6291304)",7,24526
288,Cycle City Hawaii,UC6zCHHNhSiPgBVWlbdqrBZQ,Hawaii,"(21.3358648, -157.9018814)",76,23642
345,IndianaGovernment,UCozYWNqZFDoraG0emqv5pxg,Indiana,"(39.76906899999999, -86.164862)",8,23590
151,"City of La Marque, Texas",UCxVsgw5xtGI61mjpnZIsq_A,Texas,"(29.3685674, -94.9713134)",7,23482
527,VT Environmental Assistance Office,UCS2vjqFSHAqKkHvRSk0Fy1w,Vermont,"(44.2560755, -72.5845027)",7,23316
528,Vermillion City Council,UCuzkuhioz6Qycw2w7LVP6Bg,South Dakota,"(42.7801475, -96.9313383)",3,23019
17,BeatriceNE,UCU5o7cx5DzXuWYZhcetoZAg,Nebraska,"(40.2659269, -96.7466913)",5,22487
464,SB County Community Development & Housing Agency,UCObCQpOZy4Z6zfG0pyKxPYQ,California,"(34.9592083, -116.419389)",3,22305
349,Jersey City TV,UCdLHkxEC-vqQLcJ9URFSjxw,New Jersey,"(40.70164740000001, -74.0954634)",2,22187
381,MAofSC,UCy9fEYosYMZ8hHNjC5Ckcgw,South Carolina,"(33.836081, -81.1637245)",75,21952
514,Town of Stafford Connecticut Government,UClrauDkq299UCkPjf4VTGrw,Connecticut,"(41.9536685, -72.303231)",4,21698
276,Connecticut Conference of Municipalities,UCjkAzQTiyYHKbBul87L2ygg,Connecticut,"(41.3061448, -72.9267022)",49,21474
445,Pennsylvania Youth and Government,UCcBuZVx4F52Dm_i2btUngFA,Pennsylvania,"(41.0268556, -75.7135563)",34,21396
386,"Marin County, California - Topic",UC7bWBURktSO66zx5c2_iKww,California,"(38.083403, -122.7633036)",31,21082
239,City of Texas City,UCdQS7VQBfII7oORQr99sh9g,Texas,"(29.383845, -94.9027002)",25,20535
482,Sullivan County NY Government,UC-6KnDAiuQEnDNWO13Ev1sw,New York,"(41.6584571, -74.6917748)",30,20376
476,Spring Hill,UCQEXn0j-fLqffqG4s6QBFfQ,Tennessee,"(35.751179, -86.9300023)",15,19896
297,"Dermott, AR - City Council Meetings",UCvnMypyvB77uiB3lQOM31WQ,Arkansas,"(33.527622, -91.43401899999999)",7,19892
157,City of Lennox South Dakota,UCv3rb5ZDuUF4uFk6yzeJEmQ,South Dakota,"(43.3541476, -96.8919951)",12,19296
93,"City of Colonial Heights, Virginia",UC1tsRrPU64271-CaggUfUmA,Virginia,"(37.244039, -77.4102607)",9,19080
410,Morris Minnesota City Government,UCBEIGAZ0NE9wZwzveonGqgA,Minnesota,"(45.5879479, -95.91012409999999)",4,19065
10,Arizona City Council Managers,UCfETHSDPPzHUpTnt1v4ETSw,Arizona,"(33.5305827, -111.9427231)",1,19040
373,Lee County FL,UCSnQCEJdfUrobF9dxUltyyA,Florida,"(26.6630286, -81.9534815)",44,18870
158,"City of Lewiston, ME",UCprFi23oI7DclYQ8kxx_mmQ,Maine,"(44.100351, -70.21477639999999)",14,17756
39,Catoosa County Government,UC64XOfN6J-FoYWa8r3nsXzg,Georgia,"(34.9143911, -85.1120737)",15,16846
274,ClerkPBC,UCNvqLXX6GTxXT7Oh2ugk2Zw,Florida,"(26.7152573, -80.0539668)",5,16673
31,CO Pearland,UCRAyWlB2d1XLCJ8SHH8xyxQ,Texas,"(29.5602328, -95.25944369999999)",55,16288
425,News Now Colorado,UCmQIlF7oc5d4MFoqCLYWxrA,Colorado,"(38.8324088, -104.8151814)",17,15845
351,JolietChamber,UCrw4xfNf3J6cLHhBT9MZONw,Illinois,"(41.525363, -88.08194300000001)",14,15801
355,KaysvilleCity,UCtH-iKmjfeXat6K2wOetoZQ,Utah,"(41.0352216, -111.9385521)",14,15459
28,"CDL Boulder City, NV",UCafmz4bssPAHklFxg7bYnGg,Nevada,"(35.976325, -114.849629)",4,15281
128,City of Greeley Government,UCegM3TAyGPayKBUHIeQCv6w,Colorado,"(40.4261819, -104.6949673)",21,15128
457,Prince George's County Government,UCO2d1EtrwB-VuFJAOxsApLg,Maryland,"(38.8180043, -76.7508472)",1,15061
536,Walton County Georgia Government,UCj0GzvDmT3kXYcl731gQhZQ,Georgia,"(33.7972101, -83.6962483)",14,15051
444,Pennsylvania Municipal League,UC4XZkKTzJb1Mn4PBweUcP6Q,Pennsylvania,"(40.2627665, -76.8867669)",32,14865
224,"City of Sanford, FL",UCrOGg6n2Qjw6yujcrwc0Z3g,Florida,"(28.8028612, -81.269453)",17,14756
289,DCRA Alaska,UCFSTJMeEaFAZloRXttusWtA,Alaska,"(61.215319, -149.8929102)",16,14699
468,SHTV1,UC0n_eLFiW2cCJ_24TSn9DjA,Michigan,"(44.3148443, -85.60236429999999)",15,14515
340,Huntsville AL Chamber,UCAAaVq-FtTy8HOhVel2f8sQ,Alabama,"(34.7321253, -86.59074179999999)",21,13190
437,"Orange County, NY Government",UCU3TVLdskRq8PPcLuNugy1A,New York,"(41.3911653, -74.3118212)",2,12922
9,"Apache County, AZ",UC2nB5nlo3B_zC-BapdrSE5A,Arizona,"(35.5313224, -109.3783206)",2,12690
380,Lovington CityHall,UClx_ZlWABOnJ8VIMCmNxUHQ,New Mexico,"(32.9469039, -103.3474216)",2,12407
32,CRTL Idaho,UCNgX63P-NrTDkW1b57j23jA,Idaho,"(43.448534, -112.082023)",6,12294
428,North Beach MD Town Meetings,UC8Fpm9HJuO0ucbnCqp5H60w,Maryland,"(38.7048652, -76.53337619999999)",2,11943
137,City of Idaho Falls,UCE2S6lYv_OBcXSLi1drW8Ng,Idaho,"(43.49266069999999, -112.0407584)",19,11843
6,Alaska Department of Fish and Game,UCuWzmB-DTkJ5QKz-SQj6ioQ,Alaska,"(58.299325, -134.4246039)",10,11534
420,New Jersey League of Municipalities,UCbce9oVw9LvO6vxNz_89mZw,New Jersey,"(40.2222399, -74.7735452)",13,11510
203,City of Portage,UCF2Ug3N2isAYPqthE20LMTQ,Indiana,"(41.5758707, -87.1761455)",2,11448
427,North Augusta SC 20/20 City Council Meetings Etc.,UCkwe765ru7YpKlWoeCj0DxA,South Carolina,"(33.5018026, -81.9651152)",17,11425
79,"City of Brentwood, TN",UCpy4tA7ME8ra38IDTTAXHVw,Tennessee,"(36.0331164, -86.78277720000001)",38,11132
395,Mesa Arizona,UCmLARnhYfg-Nrdn2tNVbamA,Arizona,"(33.4151843, -111.8314724)",11,11126
114,City of Enterprise,UCcNWtA7WWkhBthBak26TXnQ,Alabama,"(31.3151708, -85.85521609999999)",15,10894
200,"City of Parkersburg ,WV",UCnB1o9IZ7LWLn6rcupcRlDw,West Virginia,"(39.2667418, -81.56151349999999)",20,10821
178,"City of Minot, North Dakota",UC5lYczuYDY3kamyQAWkjzRA,North Dakota,"(48.2329668, -101.2922906)",11,10606
103,"City of Cuba, Missouri",UCh7i3_jSD81CUG2b4SsMRHw,Missouri,"(38.0628225, -91.40348329999999)",21,10511
389,Maryland Business for Responsive Government,UC9-lxdBwbGwCMl2Nci9x04A,Maryland,"(39.197507, -76.853346)",3,10486
283,County Supervisors Association of Arizona,UClaFI77eHUaMVsDH4uiQzFQ,Arizona,"(33.4476418, -112.1008513)",5,10323
255,CityOfTitusville,UCvQPDngBunvcPZsioiJuQ_g,Florida,"(28.6122187, -80.8075537)",10,10173
438,Oswego County Government,UC1ELFNINuYGu9umMYQoyKMg,New York,"(43.4576398, -76.5061367)",4,9733
97,City of Concord NH,UCDD8p5ZXUSNhW3_l8S78W5w,New Hampshire,"(43.2081366, -71.5375718)",15,9664
201,"City of Plattsburgh, New York",UC7H36PiuYNJJkZpczbLvCbw,New York,"(44.6994873, -73.4529124)",1,9499
367,LakeCountyTV,UCnKKNni9P9HgvUhNlszYu4w,Illinois,"(42.3689363, -87.8271534)",15,9423
60,"City of Ashland, KY",UCyq2LQ4SfzpLNVVsiOXG35w,Kentucky,"(38.4784144, -82.63793869999999)",1,9417
478,St. Louis County,UC2zQKsLDopMP6vAxDzAD0gw,Missouri,"(38.6103023, -90.4125181)",7,9130
366,"Lake County, FL - Government",UCd3YB4jmtmtKA1VkRXw33aQ,Florida,"(28.801728, -81.72981)",26,9111
71,"City of Beresford, South Dakota",UCPY5tEeuWxpKG4zHoSzAPVg,South Dakota,"(43.0805446, -96.77365499999999)",3,9073
513,"Town of Scottsville, Virginia",UCaHK29YBXdB-aMl_b6e7rhA,Virginia,"(37.798754, -78.4955648)",2,9067
372,"Lebanon, Indiana",UCr7VceVqyRwrsJEhejJinGQ,Indiana,"(40.0483744, -86.4691677)",5,8791
99,City of Corona,UC9_CEJrk_tnfVR7hyl6Kpwg,California,"(33.8752935, -117.5664384)",12,8783
371,League of Minnesota Cities,UC7dPiX83ITyP5YJokRKC8rw,Minnesota,"(44.95609, -93.10669)",16,8779
390,Maryland Municipal League,UCgG96iwVAdX7Y-RNL2u8pow,Maryland,"(38.9777014, -76.5132089)",24,8694
415,NH Municipal Association,UCJAJA0rcyK-nviBQyZbDSRw,New Hampshire,"(43.2191404, -71.4880368)",1,8395
440,Overlook NM,UCzdNUVVmpA4paSfwJUGjaLQ,New Mexico,"(35.3069845, -106.4486358)",16,8391
215,"City of Rosemount, MN",UCHJ2l9oFLxFeDoISijWtNMQ,Minnesota,"(44.7394103, -93.12577230000001)",2,8325
256,CityPortStLucie,UClq_tphDlSHirmsyLeHJiig,Florida,"(27.2730492, -80.3582261)",2,8169
177,City of Milwaukie Oregon,UCRFbfqe3OnDWLQKSB_m9cAw,Oregon,"(45.4465323, -122.6323315)",8,8136
91,"City of Clovis, NM",UC3jy8DqeO4AA3GiB73JSyMQ,New Mexico,"(34.4047987, -103.2052272)",6,8118
277,ConnecticutNetworkTV,UC5i71kM8tvpFKG60XyLLRMA,Connecticut,"(41.7640311, -72.6843145)",14,8056
343,Illinois Youth & Government,UCpPYpbakFJmcoyhF-9mersw,Illinois,"(41.8330175, -88.01940429999999)",7,8031
235,City of Springfield MA,UCKWQmyAdZvtvGGN6rAFNJcA,Massachusetts,"(42.1014831, -72.589811)",10,8030
361,LA City Emergency Management,UChO9l1ByinQ7u1epchCv3vg,California,"(34.0505911, -118.1763924)",16,7886
136,"City of Huntington, WV",UCIbOv9DiKt7s8KPLAjRwD8g,West Virginia,"(38.4192496, -82.44515400000002)",5,7858
398,Middlesex County NJ,UCHno4CX2XIYE_ZG34zkIeNA,New Jersey,"(40.4111363, -74.35874729999999)",13,7797
524,"Unified Government of Wyandotte County / Kansas City, KS",UC64VEdFxbNUAkmtYHwXwoJA,Kansas,"(39.1129848, -94.62542409999999)",3,7387
347,Iowa Government,UCc0mFeh-UgNJJ8rckSDSeFw,Iowa,"(41.5925005, -93.5985932)",7,7331
95,"City of Columbia, TN",UCjjZOwKcE8_lPi4KmbzoI0g,Tennessee,"(35.6150716, -87.0352831)",11,7100
562,cityofmesquitetexas,UCISuuU-1AZXnm0-k_2sfJOQ,Texas,"(32.76679550000001, -96.5991593)",7,6979
573,pcctv1,UCXRyq4zJBFhs8zpTiIGQL5Q,Florida,"(27.876394, -82.7778579)",5,6948
268,CityofPalmdale,UCJHoqIwLNDlVFu7vZEJNkdA,California,"(34.5794343, -118.1164613)",2,6673
150,City of Kitttitas WA 98934,UCEzXaxmyxepL5x1y2Y6c3Mw,Washington,"(46.9802702, -120.416799)",2,6507
54,"City of Altoona, WI",UCLG1rb91nDPt2S5APItfccg,Wisconsin,"(44.8046825, -91.44321479999999)",8,6480
223,City of San Diego,UCCd4neYX0bX9UEYKJZsgpBw,California,"(32.715738, -117.1610838)",1,6334
499,TheBurbankChannel,UCNDlWLv3ZR1YlYRBxemNF3A,California,"(36.778261, -119.4179324)",1,6214
146,"City of Jacksonville, Florida",UCDz1-m1rzglGoYCHG-yTLaA,Florida,"(30.3321838, -81.65565099999999)",7,5933
110,City of El Monte CA Government,UCTnXHhiP0BUIOeo3mGSZ4rg,California,"(34.0682658, -118.0616936)",3,5931
295,Default Name,UCkEAENbr83XdYgNYXG1ZJMw,New Hampshire,"(43.1938516, -71.5723953)",1,5884
323,Georgia Municipal Cemetery Association,UChq_4HlWrpaIhozKkgS2LWA,Georgia,"(33.715605, -84.4496102)",1,5868
266,CityofLeagueCityTX,UCRyTPtc3XEWCGGpT7ddmcJg,Texas,"(29.5074538, -95.0949303)",24,5399
23,Brookfield CT,UCe10fHPwRxmDQ9oxitmqn3g,Connecticut,"(41.4825947, -73.4095652)",1,5064
280,Coral Springs,UCpJTI3iON45k4Lzx3c66u_w,Florida,"(26.271192, -80.2706044)",2,4870
26,CCE Delaware County,UCN4iNbSfXcItXlXBXsBHzSA,New York,"(42.180805, -75.0120829)",10,4866
416,NM Youth And Government,UC6ZG3Yjs3LoQnRtvrbZ0gYg,New Mexico,"(35.1116958, -106.6320615)",4,4860
471,Salem County Government NJ,UCB_2qtc3DG7v5JbRq-7HZ-Q,New Jersey,"(39.5730773, -75.466768)",15,4854
369,Larimer County Government,UCTZ-neESjN8BeV_MKQEc5Uw,Colorado,"(40.5865084, -105.0797411)",1,4779
272,ClarkCountyNV,UCjTkV9P9szNXPht8tJKl0aw,Nevada,"(36.0795613, -115.094045)",12,4692
569,fultoncountybcbs,UCwvUHaBlFXXlE56OIqw18bQ,Georgia,"(33.8477268, -84.36819779999999)",6,4689
422,New York City Council Member Laurie A. Cumbo,UCxBVCe2yzB9z24oMA6WovEw,New York,"(40.6679029, -73.9309916)",21,4609
382,MS Library Commission,UCQ3sc0r86d2-cZ-NngizHRA,Mississippi,"(32.3394965, -90.14696359999999)",13,4602
166,City of Maple Valley - Official,UCBOARNqj0-h6M0r0q8xgY-A,Washington,"(47.3911867, -122.047031)",8,4426
65,"City of Battle Ground, WA",UCdncPb-Uoz18wrk91zGhBig,Washington,"(45.7806939, -122.5475467)",1,4352
548,Westchester County Government New York,UCOE0wn9vJwY2TcgJNBIpIDA,New York,"(41.0294391, -73.76753719999999)",5,4214
327,Green Government Montgomery County MD,UCvrndKse0tZwqiF70tW7m_w,Maryland,"(38.9850174, -77.08889719999999)",9,3948
333,Hawaii Island Coalition Malama Pono,UCG_UY_FWy2kuHEmC2Suox7w,Hawaii,"(19.6370629, -155.9892782)",8,3944
108,"City of Dublin, CA",UCVxFLCImmHgKXs9RQkY6OkA,California,"(37.7021521, -121.9357918)",7,3816
294,"Decatur, Indiana",UCYCQSTh8vJ2DEH8IrkbkD3g,Indiana,"(40.830603, -84.9291329)",5,3811
401,Minnesota YMCA YIG Youth in Government,UCcr5YqIWxXtSQ4NbKzhQoCA,Minnesota,"(44.9774001, -93.2307091)",10,3735
260,CityofChulaVista,UCGCeNmeSButuOp4yFCIh9Iw,California,"(32.6400541, -117.0841955)",15,3699
434,Oklahoma Municipal League,UCq709y5jiSJf5sPulXKoXww,Oklahoma,"(35.493524, -97.507459)",11,3679
322,GainesvilleDistrictSupervisorPWC,UCaC60DAYb0S1-YQ9LcV_0pQ,Virginia,"(37.4315734, -78.6568942)",9,3673
270,CityofTacoma,UCeE_KkLW1qXJvzHPt6jCquQ,Washington,"(47.2528768, -122.4442906)",2,3558
185,"City of Mt. Shasta, California",UC3RTHPMvubRfg1lMsXVKzNg,California,"(41.3098746, -122.3105666)",11,3471
477,"Spring Lake, NC",UCm0CjxLmNE738zbbEDXqKbg,North Carolina,"(35.1679395, -78.97280560000002)",2,3451
11,AroundTulareCounty,UCI-iY8dkFYiDdTAHhtFglRg,California,"(36.1341739, -118.8596804)",7,3422
357,Kentucky Department for Local Government - DLG,UC4CErK3o_ZmjaQNdxYDUqtg,Kentucky,"(38.1839425, -84.8144551)",13,3340
183,City of Moundridge,UCSnGSURxMyO02DQK17O7xJg,Kansas,"(38.203065, -97.5192065)",16,3274
314,Florida Government,UCy9172bFY8usKzYt_KQGBJw,Florida,"(30.4380486, -84.2850717)",4,3163
135,"City of Huntington, Indiana",UC8hwdT9hgRsEUzl-aPlM1vA,Indiana,"(40.8831011, -85.49747599999999)",5,3005
405,Monmouth County Government,UCNgA5BEjpF7x7ckw8qrXtLw,New Jersey,"(40.2646141, -74.2504763)",14,2984
123,"City of Galesburg, IL",UCaRXtxhs0iGsSDksooZwC7g,Illinois,"(40.94781580000001, -90.3712395)",2,2910
474,Snohomish County,UCklxVJ_qnhWVL3Obl2aYB2w,Washington,"(48.0329979, -121.8339472)",7,2820
429,North Dakota AFL-CIO,UCNEsTdrFb3fgJBD_QzKr_ug,North Dakota,"(46.803712, -100.771268)",2,2686
74,City of Boone Iowa,UCnBMeDzthqeoIe7LHv2cwvQ,Iowa,"(42.0597047, -93.8802273)",14,2666
555,Wisconsin BBA Government,UCM7ezxQo8FxzGRqalOuAXYw,Wisconsin,"(43.0727758, -89.4014904)",12,2643
279,Cook County Government,UCeg42agpsybX9TfCu8jz2tA,Illinois,"(41.8802735, -87.6308317)",9,2609
15,Baltimore County,UCIDK1jaFTzM-z_vSFphn4bw,Maryland,"(39.4647665, -76.7336521)",1,2576
301,DurhamSWCD,UCMltA0_udTzJ1BXvhKR4WJw,North Carolina,"(36.0045172, -78.90172609999999)",3,2570
140,City of Iowa City Government,UCxvLmwfHhFfaqHnQYrhncqA,Iowa,"(41.6604909, -91.52949319999999)",1,2527
402,Mississippi Department of Human Services,UCyIAzmybt32v-YoYNYbDVHw,Mississippi,"(32.2983727, -90.1860277)",5,2366
204,"City of Portage, WI",UC1js1AsdSXS9xpPGeQDfHSQ,Wisconsin,"(43.5391486, -89.46262019999999)",8,2296
19,Bellevue Television,UCW22suSoHWumwarCbu3NkOg,Washington,"(47.60455899999999, -122.1305799)",3,2295
407,Montana Municipal Interlocal Authority,UCTJLv2_9DzbmeSdMrqOzHYQ,Montana,"(46.616824, -112.030694)",3,2201
462,Rialto Network,UCFjyuwhE1mcZvgkHnsKRTfg,California,"(34.0996639, -117.3734121)",1,2169
431,Oconee County GA Government,UCwmtvTm8RGjiwmHUO8DP1mw,Georgia,"(33.855574, -83.39978049999999)",9,2073
5,Alabama Together,UCDWgz3YCxKXKbV9fGstbeLw,Alabama,"(32.3182314, -86.902298)",8,2057
37,"Carroll County, Virginia",UC0g49JAgfj_NkbR6eDtgdyw,Virginia,"(36.6778699, -80.7214417)",3,1982
152,City of La Quinta,UCG54GVUvLwUvZPCx596LbkQ,California,"(33.6633573, -116.3100095)",6,1932
205,"City of Portsmouth, New Hampshire",UCXUNd8goAjKxc_aXfvXIKdw,New Hampshire,"(43.0717552, -70.7625532)",1,1840
66,City of Beaumont - Government,UCnY6nNk8zfXZulMg1zbwEBg,Texas,"(30.0818183, -94.0944202)",9,1806
391,Maryland YMCA Youth & Government,UCC0szOnY50huTkcp1kqB3Rg,Maryland,"(39.0127117, -77.01631809999999)",2,1774
363,LCDC Maine,UCXdIEZfDNG_QgJOAmCtWn8Q,Maine,"(44.0119619, -69.34129279999999)",19,1667
526,Utah Office of the State Auditor Local Government Division,UC_zj1HbPzVfj5hzv89KCu6w,Utah,"(40.7775314, -111.8878716)",6,1631
441,Ownby US/VA Government,UCMJ9hCPzPs_DiPcX-GQEjZw,Virginia,"(37.5633011, -77.4569801)",4,1480
38,Cass County ND,UC2YN9WLXQ0kjDXIwdcPYC9Q,North Dakota,"(47.071168, -97.12155790000001)",6,1469
421,New Mexico House of Representatives,UCIrMQ6ct5h9f2f6-_uZpNOw,New Mexico,"(35.6821782, -105.9396627)",7,1267
385,Maricopa County,UCZKASNi4Nm27rw3gfUIjEKA,Arizona,"(33.2917968, -112.4291464)",5,1247
290,Dane County Board of Supervisors,UCgfH3y3SXmNkSZkjp7kCUdQ,Wisconsin,"(43.072422, -89.382392)",2,1130
537,Warren County Board of Supervisors,UCPx4uFe9iTsgC7dZrpKfw1A,Mississippi,"(32.353067, -90.87843620000001)",1,1130
384,Maine Bureau of Human Resources,UCu-W8zF89UHdxwvJbpx6esA,Maine,"(44.30731979999999, -69.7828983)",4,1122
566,collincountygovt,UC-E9aeShO9W7onfC1AoIwzw,Texas,"(33.241749, -96.6318)",1,1110
127,"City of Gravette, Arkansas - Official",UC5L-KVG-9wiBtZRebmjX5pQ,Arkansas,"(36.4220207, -94.4535484)",3,1074
449,Pierce County Television,UCGvPR0hQZnSAeetnsdjkUMQ,Washington,"(47.24202210000001, -122.4673488)",1,1071
352,KS Legislature,UC_0NO-Pb96CFABvxDwXAq8A,Kansas,"(39.0478237, -95.6767883)",2,1058
379,Louisiana Municipal Association,UCHLSr4SUANCYoYEpQatv5UA,Louisiana,"(30.4538341, -91.1798063)",3,1056
55,"City of Ammon, Idaho",UC9fNsA0JthGQ7mD8wB7FJXQ,Idaho,"(43.4696366, -111.9666355)",1,1048
446,"Peoria County, IL, Government",UC-qaAdj6tzIxqi3odzEoMlQ,Illinois,"(40.6929334, -89.5897553)",4,1041
75,City of Boscobel WI,UCr4TOLhjX6EydWRfWYZPCjw,Wisconsin,"(43.1344289, -90.7054045)",2,992
174,City of Miami Beach TV,UCAthAfV8Iqgyl8znznZodlQ,Florida,"(25.7739481, -80.1386333)",1,989
485,Supervisor Diane Burgis,UC9uwf_ECMPnaKE5MBR-ExWA,California,"(36.778261, -119.4179324)",1,953
325,Good Government Illinois,UCv5f859M7EzdAQbRvigu0tQ,Illinois,"(39.7982872, -89.6549335)",2,936
84,City of Buffalo MN,UCW62NNv5MZExr9JhiepAofg,Minnesota,"(45.1717846, -93.8747929)",1,922
25,Byron Wyoming,UCIvfAwjPc5GdbLX98V-Qa9Q,Wyoming,"(44.7963411, -108.5065095)",1,869
259,CityofCarrolltonTX,UCoZyzX191t6fuvL14dPd9fw,Texas,"(32.9756415, -96.8899636)",3,800
454,PortlandMaine CityCouncil,UCMx0unGex0TDn8c3WA-Ft9A,Maine,"(43.659473, -70.257415)",4,786
529,Vermont Secretary of State,UCdy2e0EwW59oMye-Odnh3rQ,Vermont,"(44.261273, -72.58192149999999)",3,751
143,"City of Jackson, MN, Government",UCWS1IXqbZJ9cjlhYmo5NmHw,Minnesota,"(43.6211725, -94.98524270000001)",1,729
4,Alabama Municipal Electric Authority,UCKyKzCsPcPkeJULPhFTdNXw,Alabama,"(32.3689778, -86.1276833)",1,666
315,Florida Government Corruption,UC2vU2RwpYg7dAwV6Du2-_pQ,Florida,"(30.438111, -84.283592)",1,610
24,Broward County Gov,UCkFUpAuNegNExxOKo_5KJ6w,Florida,"(26.1215705, -80.2538252)",3,586
106,"City of Derby, KS",UCZbuI0aYgQHwwP0x1eRAVdw,Kansas,"(37.5455735, -97.2689331)",7,559
559,cctvsalem,UCDdV7S-MGQEX4Y4NYgwtqdw,Oregon,"(44.9375144, -123.0368996)",2,519
305,Ely NV Municipal Utility Board,UC7FwNqmuOw1Gbx8J1TcW3Nw,Nevada,"(39.2533328, -114.874248)",1,512
313,FireAdamHill2016,UC_ot30fm4QZ5iXIPpVHaidg,New Jersey,"(40.0583238, -74.4056612)",7,510
356,Kentucky Association of Government Communicators,UCsdlFNEbH95QWtpvq76Kklg,Kentucky,"(37.8393332, -84.2700179)",1,507
533,WV House of Delegates,UC9YnW6DrIupwWHjRocJDuTA,West Virginia,"(38.3361097, -81.6115441)",2,505
397,Mi. gov,UC7ABSk_wTeh7bolAs2-McFw,Michigan,"(42.7929104, -84.4460012)",1,472
217,City of Round Rock,UC9jgA3EaJeAq_E40xvAJhDg,Texas,"(30.5082551, -97.678896)",1,394
202,City of Polk City,UCUU1U-wwC8JF97bdGoHJazw,Iowa,"(41.7713764, -93.7129997)",1,353
117,"City of Fayetteville, NC Government",UCae_2JwaN6G7KvTJDU3TD6g,North Carolina,"(35.05366, -78.883652)",1,349
216,"City of Roswell, NM",UCz9BIrtFrr3-YfuIbfS2SQA,New Mexico,"(33.3942655, -104.5230242)",1,289
435,Oneida County Government,UCP06xn_6iXP6wect4HXY6VA,New York,"(43.0993245, -75.23014069999999)",1,281
418,Nevada Government,UCQMwOqpkmEdtlAUPI8gSTaA,Nevada,"(37.838112, -94.35944599999999)",3,278
14,BIll Bruce,UC3suDE_yOrrjR6dlvf4S8Uw,North Carolina,"(35.7595731, -79.01929969999999)",1,273
245,"City of Westbrook, Maine",UCVtE5lfQ88fQRH-geuJELyw,Maine,"(43.6770252, -70.3711617)",2,239
236,City of Springfield MA Mayors Office,UCsmLvXZQQvKpbTyb7Bqd88A,Massachusetts,"(42.1014125, -72.589815)",1,167
249,"City of Wood Dale, IL",UCJRaPIjPhuuPF0HJCxWfCXA,Illinois,"(41.9633625, -87.9789562)",1,150
354,Kansas.gov Channel,UCUYqQV_HFl_kUU_8LJ9lVeQ,Kansas,"(39.1005632, -94.5778808)",1,142
124,"City of Gaylord,MN",UC82PaRMOZQLSWLB5PH9RozQ,Minnesota,"(44.5544276, -94.2208132)",1,132
481,Sullivan County NH Government,UC_iIMLOHgUP-Fnv7ZvBV2Ow,New Hampshire,"(43.3724031, -72.3371339)",1,130
475,South Dakota Careers,UC79faZ2C2AR9hvnT1qwSqrQ,South Dakota,"(44.38612639999999, -97.5491866)",1,120
521,Transform Hawaii Government,UCBArkjHRLE2Gy7P7-Mza2TQ,Hawaii,"(19.8967662, -155.5827818)",1,107
21,Better Government CA,UCBRjFOJSWoaNl9hofpBKokw,California,"(37.0675582, -121.0747309)",1,95
241,"City of Vienna, WV",UC5u-brkmgWSKoOyYWOM_oUw,West Virginia,"(39.3270191, -81.5484578)",1,92
3,Alabama Foundation for Limited Government,UCWGpWGkprgm8ybCqD4PYIOQ,Alabama,"(32.3182314, -86.902298)",1,69
342,Illinois Association of Minorities in Government,UC0G-A_jBeIGv8SQHVKz6uNQ,Illinois,"(41.90894230000001, -87.78966439999999)",1,44
299,DuPage County Election Authority,UCpMwmq8i215QvYjoL80nRjw,Illinois,"(41.86760839999999, -88.14271869999999)",1,35
